,publishedAt,channelId,title,description,thumbnails,channelTitle,liveBroadcastContent,publishTime,videoID,embeds,category
55,2025-10-08T03:56:45Z,UCHvnMsLnyQZscrq-fOckiiw,Nick Cannon on BlackTree On TV,,"{'default': {'url': 'https://i.ytimg.com/vi/BJtDF4zDRCQ/default.jpg', 'width': 120, 'height': 90}, 'medium': {'url': 'https://i.ytimg.com/vi/BJtDF4zDRCQ/mqdefault.jpg', 'width': 320, 'height': 180}, 'high': {'url': 'https://i.ytimg.com/vi/BJtDF4zDRCQ/hqdefault.jpg', 'width': 480, 'height': 360}}",BlackTree TV,none,2025-10-08T03:56:45Z,BJtDF4zDRCQ,"<iframe width=""480"" height=""270"" src=""//www.youtube.com/embed/BJtDF4zDRCQ"" frameborder=""0"" allow=""accelerometer; autoplay; clipboard-write; encrypted-media; gyroscope; picture-in-picture; web-share"" referrerpolicy=""strict-origin-when-cross-origin"" allowfullscreen></iframe>",Entertainment
38,2025-10-08T02:39:28Z,UCPk29gUc_ltOGQ6f3Lh5kCg,Riverbend Blu-ray Pre-Order Limited Edition Low Stock Alert!,Pre-orders are moving fast. Go to shop.Reelblack.com and reserve your Riverbend Blu-Ray today!,"{'default': {'url': 'https://i.ytimg.com/vi/SiCXyKIKEY0/default.jpg', 'width': 120, 'height': 90}, 'medium': {'url': 'https://i.ytimg.com/vi/SiCXyKIKEY0/mqdefault.jpg', 'width': 320, 'height': 180}, 'high': {'url': 'https://i.ytimg.com/vi/SiCXyKIKEY0/hqdefault.jpg', 'width': 480, 'height': 360}}",Reelblack One,none,2025-10-08T02:39:28Z,SiCXyKIKEY0,"<iframe width=""480"" height=""270"" src=""//www.youtube.com/embed/SiCXyKIKEY0"" frameborder=""0"" allow=""accelerometer; autoplay; clipboard-write; encrypted-media; gyroscope; picture-in-picture; web-share"" referrerpolicy=""strict-origin-when-cross-origin"" allowfullscreen></iframe>",Entertainment
19,2025-10-08T02:25:33Z,UCwbP4USYrniJGROwQNiwH-Q,Steph Curry DISRESPECTED By Ayesha Curry All Over Again On VIRAL INTERVIEW!,Steph Curry DISRESPECTED By Ayesha Curry All Over Again On VIRAL INTERVIEW! Order Merch Here: ...,"{'default': {'url': 'https://i.ytimg.com/vi/BetqCsdnxlA/default.jpg', 'width': 120, 'height': 90}, 'medium': {'url': 'https://i.ytimg.com/vi/BetqCsdnxlA/mqdefault.jpg', 'width': 320, 'height': 180}, 'high': {'url': 'https://i.ytimg.com/vi/BetqCsdnxlA/hqdefault.jpg', 'width': 480, 'height': 360}}",DeeDee,none,2025-10-08T02:25:33Z,BetqCsdnxlA,"<iframe width=""480"" height=""270"" src=""//www.youtube.com/embed/BetqCsdnxlA"" frameborder=""0"" allow=""accelerometer; autoplay; clipboard-write; encrypted-media; gyroscope; picture-in-picture; web-share"" referrerpolicy=""strict-origin-when-cross-origin"" allowfullscreen></iframe>",Social Issues
16,2025-10-08T01:18:32Z,UCL0u5uz7KZ9q-pe-VC8TY-w,Charlie Kirk Predicted His Assassination 24 Hours Prior...,,"{'default': {'url': 'https://i.ytimg.com/vi/ScQiWNvDvMw/default.jpg', 'width': 120, 'height': 90}, 'medium': {'url': 'https://i.ytimg.com/vi/ScQiWNvDvMw/mqdefault.jpg', 'width': 320, 'height': 180}, 'high': {'url': 'https://i.ytimg.com/vi/ScQiWNvDvMw/hqdefault.jpg', 'width': 480, 'height': 360}}",Candace Owens,none,2025-10-08T01:18:32Z,ScQiWNvDvMw,"<iframe width=""480"" height=""270"" src=""//www.youtube.com/embed/ScQiWNvDvMw"" frameborder=""0"" allow=""accelerometer; autoplay; clipboard-write; encrypted-media; gyroscope; picture-in-picture; web-share"" referrerpolicy=""strict-origin-when-cross-origin"" allowfullscreen></iframe>",Current Events
4,2025-10-08T01:06:36Z,UCKZGcrxRAhdUi58Mdr565mw,"Them Folks Are Suffering Under Trump&#39;s Policies, They Are Starting To Feel Our Constant Pain",Welcome to African Diaspora News Channel ‚Äî Where We Speak Truth to Power. We bring you unapologetic news and ...,"{'default': {'url': 'https://i.ytimg.com/vi/htHsOji-a5Q/default.jpg', 'width': 120, 'height': 90}, 'medium': {'url': 'https://i.ytimg.com/vi/htHsOji-a5Q/mqdefault.jpg', 'width': 320, 'height': 180}, 'high': {'url': 'https://i.ytimg.com/vi/htHsOji-a5Q/hqdefault.jpg', 'width': 480, 'height': 360}}",African Diaspora News Channel,none,2025-10-08T01:06:36Z,htHsOji-a5Q,"<iframe width=""480"" height=""270"" src=""//www.youtube.com/embed/htHsOji-a5Q"" frameborder=""0"" allow=""accelerometer; autoplay; clipboard-write; encrypted-media; gyroscope; picture-in-picture; web-share"" referrerpolicy=""strict-origin-when-cross-origin"" allowfullscreen></iframe>",Current Events
31,2025-10-08T00:06:30Z,UCKLSjhp6XZUEYDT1DMcrj8w,üî¥ [LIVE]: Invest in Senegal Forum,"A wave of hope is rising from Dakar. ‚ú® At the Invest in Senegal Forum, global leaders, African innovators, and the nation's ...","{'default': {'url': 'https://i.ytimg.com/vi/eeI1Z9dHYg8/default.jpg', 'width': 120, 'height': 90}, 'medium': {'url': 'https://i.ytimg.com/vi/eeI1Z9dHYg8/mqdefault.jpg', 'width': 320, 'height': 180}, 'high': {'url': 'https://i.ytimg.com/vi/eeI1Z9dHYg8/hqdefault.jpg', 'width': 480, 'height': 360}}",Make Afrika Great ,none,2025-10-08T00:06:30Z,eeI1Z9dHYg8,"<iframe width=""480"" height=""270"" src=""//www.youtube.com/embed/eeI1Z9dHYg8"" frameborder=""0"" allow=""accelerometer; autoplay; clipboard-write; encrypted-media; gyroscope; picture-in-picture; web-share"" referrerpolicy=""strict-origin-when-cross-origin"" allowfullscreen></iframe>",Current Events
18,2025-10-07T23:18:07Z,UCABZ7Z6SBTp4IsARDceOq7w,Aries Spears ‚ÄòGOES OFF&#39; After Being Called &quot;Sell Out‚Äù For Saudi Arabia Show With Chappelle - CH News,"https://hypersclub.com/ - Aries Spears has no regrets after he and several other well known comedians like Dave Chappelle, Chris ...","{'default': {'url': 'https://i.ytimg.com/vi/89QeFPxDmWk/default.jpg', 'width': 120, 'height': 90}, 'medium': {'url': 'https://i.ytimg.com/vi/89QeFPxDmWk/mqdefault.jpg', 'width': 320, 'height': 180}, 'high': {'url': 'https://i.ytimg.com/vi/89QeFPxDmWk/hqdefault.jpg', 'width': 480, 'height': 360}}",HYPE+,none,2025-10-07T23:18:07Z,89QeFPxDmWk,"<iframe width=""480"" height=""270"" src=""//www.youtube.com/embed/89QeFPxDmWk"" frameborder=""0"" allow=""accelerometer; autoplay; clipboard-write; encrypted-media; gyroscope; picture-in-picture; web-share"" referrerpolicy=""strict-origin-when-cross-origin"" allowfullscreen></iframe>",Entertainment
14,2025-10-07T23:00:06Z,UCiinSjWS3E0vtAa3DCvp7iA,Power of Siberia 2 Pipeline: Russia Bets Future Lies with China w/ Ben Norton,"Moscow and Beijing have signed a legally binding agreement for the Power of Siberia 2, a massive pipeline which would ...","{'default': {'url': 'https://i.ytimg.com/vi/FyFNu_erAGQ/default.jpg', 'width': 120, 'height': 90}, 'medium': {'url': 'https://i.ytimg.com/vi/FyFNu_erAGQ/mqdefault.jpg', 'width': 320, 'height': 180}, 'high': {'url': 'https://i.ytimg.com/vi/FyFNu_erAGQ/hqdefault.jpg', 'width': 480, 'height': 360}}",BreakThrough News,none,2025-10-07T23:00:06Z,FyFNu_erAGQ,"<iframe width=""480"" height=""270"" src=""//www.youtube.com/embed/FyFNu_erAGQ"" frameborder=""0"" allow=""accelerometer; autoplay; clipboard-write; encrypted-media; gyroscope; picture-in-picture; web-share"" referrerpolicy=""strict-origin-when-cross-origin"" allowfullscreen></iframe>",Current Events
40,2025-10-07T22:03:26Z,UC2rmgVaijnf92nixlIZWGmg,"Life Changing BBQ in Nairobi, Kenya at Carnivore. #bbq #africa #nairobi #travel",,"{'default': {'url': 'https://i.ytimg.com/vi/ctEKM3y93MQ/default.jpg', 'width': 120, 'height': 90}, 'medium': {'url': 'https://i.ytimg.com/vi/ctEKM3y93MQ/mqdefault.jpg', 'width': 320, 'height': 180}, 'high': {'url': 'https://i.ytimg.com/vi/ctEKM3y93MQ/hqdefault.jpg', 'width': 480, 'height': 360}}",Search For Uhuru,none,2025-10-07T22:03:26Z,ctEKM3y93MQ,"<iframe width=""480"" height=""270"" src=""//www.youtube.com/embed/ctEKM3y93MQ"" frameborder=""0"" allow=""accelerometer; autoplay; clipboard-write; encrypted-media; gyroscope; picture-in-picture; web-share"" referrerpolicy=""strict-origin-when-cross-origin"" allowfullscreen></iframe>",Travel
0,2025-10-07T20:16:38Z,UCTis64XH8HrxE7GhEkA6YmA,"GHANA MISSING AFCON, GOOD OR BAD FOR THEIR WORLD CUP?! üá¨üá≠üëÄ CATCH US EVERY THURSDAY ON BEIN SPORTS",,"{'default': {'url': 'https://i.ytimg.com/vi/EMPFkMox8zA/default.jpg', 'width': 120, 'height': 90}, 'medium': {'url': 'https://i.ytimg.com/vi/EMPFkMox8zA/mqdefault.jpg', 'width': 320, 'height': 180}, 'high': {'url': 'https://i.ytimg.com/vi/EMPFkMox8zA/hqdefault.jpg', 'width': 480, 'height': 360}}",5ASIDE Media,none,2025-10-07T20:16:38Z,EMPFkMox8zA,"<iframe width=""480"" height=""270"" src=""//www.youtube.com/embed/EMPFkMox8zA"" frameborder=""0"" allow=""accelerometer; autoplay; clipboard-write; encrypted-media; gyroscope; picture-in-picture; web-share"" referrerpolicy=""strict-origin-when-cross-origin"" allowfullscreen></iframe>",Sports
10,2025-10-07T20:15:03Z,UCZEMyEeGRnkGERZTWEGLGPg,Farrakhan Exposes How We Became Our Own Enemy,"Today, we'll listen and reflect on the words of Minister Louis Farrakhan. His message speaks to faith, responsibility, and the ...","{'default': {'url': 'https://i.ytimg.com/vi/cCsYvbXLECM/default.jpg', 'width': 120, 'height': 90}, 'medium': {'url': 'https://i.ytimg.com/vi/cCsYvbXLECM/mqdefault.jpg', 'width': 320, 'height': 180}, 'high': {'url': 'https://i.ytimg.com/vi/cCsYvbXLECM/hqdefault.jpg', 'width': 480, 'height': 360}}",Black Culture Unlocked,none,2025-10-07T20:15:03Z,cCsYvbXLECM,"<iframe width=""480"" height=""270"" src=""//www.youtube.com/embed/cCsYvbXLECM"" frameborder=""0"" allow=""accelerometer; autoplay; clipboard-write; encrypted-media; gyroscope; picture-in-picture; web-share"" referrerpolicy=""strict-origin-when-cross-origin"" allowfullscreen></iframe>",Social Issues
25,2025-10-07T18:32:45Z,UCwZ2vurIl_X8rv0Dv4mu12A,Who is really winning ? #america #economy #ibw #ineverknewtv,,"{'default': {'url': 'https://i.ytimg.com/vi/D25ygimH9Dc/default.jpg', 'width': 120, 'height': 90}, 'medium': {'url': 'https://i.ytimg.com/vi/D25ygimH9Dc/mqdefault.jpg', 'width': 320, 'height': 180}, 'high': {'url': 'https://i.ytimg.com/vi/D25ygimH9Dc/hqdefault.jpg', 'width': 480, 'height': 360}}",I Never Knew Tv,none,2025-10-07T18:32:45Z,D25ygimH9Dc,"<iframe width=""480"" height=""270"" src=""//www.youtube.com/embed/D25ygimH9Dc"" frameborder=""0"" allow=""accelerometer; autoplay; clipboard-write; encrypted-media; gyroscope; picture-in-picture; web-share"" referrerpolicy=""strict-origin-when-cross-origin"" allowfullscreen></iframe>",Social Issues
36,2025-10-07T17:10:46Z,UCMe6CgCi6TSZX1tUxuUvCGg,KING MAPONGA JOSHUA ON SPIRITUALITY IS TOTAL FREEDOM,Join us live now on this moving conversation üéôÔ∏è New to streaming or looking to level up? Check out StreamYard and get $10 ...,"{'default': {'url': 'https://i.ytimg.com/vi/cicuUo8xSnw/default.jpg', 'width': 120, 'height': 90}, 'medium': {'url': 'https://i.ytimg.com/vi/cicuUo8xSnw/mqdefault.jpg', 'width': 320, 'height': 180}, 'high': {'url': 'https://i.ytimg.com/vi/cicuUo8xSnw/hqdefault.jpg', 'width': 480, 'height': 360}}",Pan-African Daily TV -PADTV,none,2025-10-07T17:10:46Z,cicuUo8xSnw,"<iframe width=""480"" height=""270"" src=""//www.youtube.com/embed/cicuUo8xSnw"" frameborder=""0"" allow=""accelerometer; autoplay; clipboard-write; encrypted-media; gyroscope; picture-in-picture; web-share"" referrerpolicy=""strict-origin-when-cross-origin"" allowfullscreen></iframe>",Current Events
35,2025-10-07T17:00:03Z,UCrPq2ekHx2vZtuyG3wUx0_g,Dr. Yosef Ben-Jochannan Exposes The Cultural Gnocide Against Black People ,Join this channel to get access to perks: https://www.youtube.com/channel/UCrPq2ekHx2vZtuyG3wUx0_g/join OTSOG Book ...,"{'default': {'url': 'https://i.ytimg.com/vi/aQpZUhAQ2sI/default.jpg', 'width': 120, 'height': 90}, 'medium': {'url': 'https://i.ytimg.com/vi/aQpZUhAQ2sI/mqdefault.jpg', 'width': 320, 'height': 180}, 'high': {'url': 'https://i.ytimg.com/vi/aQpZUhAQ2sI/hqdefault.jpg', 'width': 480, 'height': 360}}",On the Shoulders of Giants ,none,2025-10-07T17:00:03Z,aQpZUhAQ2sI,"<iframe width=""480"" height=""360"" src=""//www.youtube.com/embed/aQpZUhAQ2sI"" frameborder=""0"" allow=""accelerometer; autoplay; clipboard-write; encrypted-media; gyroscope; picture-in-picture; web-share"" referrerpolicy=""strict-origin-when-cross-origin"" allowfullscreen></iframe>",Social Issues
26,2025-10-07T16:46:59Z,UCi2uaWdy6OTf4Ty7DVC_7lw,So This is AFRICA !!! ( WATAMU Kenya Africa )!!!,"Hello family , welcome to my YouTube channel iam_marwa , BIRTHDAY GIRL @rocabreratravels !!! ( WATAMU Kenya Africa )!!!","{'default': {'url': 'https://i.ytimg.com/vi/tdm3rNK8z-8/default.jpg', 'width': 120, 'height': 90}, 'medium': {'url': 'https://i.ytimg.com/vi/tdm3rNK8z-8/mqdefault.jpg', 'width': 320, 'height': 180}, 'high': {'url': 'https://i.ytimg.com/vi/tdm3rNK8z-8/hqdefault.jpg', 'width': 480, 'height': 360}}",iam_marwa,none,2025-10-07T16:46:59Z,tdm3rNK8z-8,"<iframe width=""480"" height=""270"" src=""//www.youtube.com/embed/tdm3rNK8z-8"" frameborder=""0"" allow=""accelerometer; autoplay; clipboard-write; encrypted-media; gyroscope; picture-in-picture; web-share"" referrerpolicy=""strict-origin-when-cross-origin"" allowfullscreen></iframe>",Travel
51,2025-10-07T16:32:00Z,UCHVBLMcvOgDtFEF2bToQLqw,Rapture October 6 update HE GONE TOO,,"{'default': {'url': 'https://i.ytimg.com/vi/mATD77MOjXo/default.jpg', 'width': 120, 'height': 90}, 'medium': {'url': 'https://i.ytimg.com/vi/mATD77MOjXo/mqdefault.jpg', 'width': 320, 'height': 180}, 'high': {'url': 'https://i.ytimg.com/vi/mATD77MOjXo/hqdefault.jpg', 'width': 480, 'height': 360}}",We Woke Now,none,2025-10-07T16:32:00Z,mATD77MOjXo,"<iframe width=""480"" height=""270"" src=""//www.youtube.com/embed/mATD77MOjXo"" frameborder=""0"" allow=""accelerometer; autoplay; clipboard-write; encrypted-media; gyroscope; picture-in-picture; web-share"" referrerpolicy=""strict-origin-when-cross-origin"" allowfullscreen></iframe>",Social Issues
20,2025-10-07T16:00:37Z,UCRVsqvXIdgyPVS-a6fGa1lA,Earn Your Leisure X Chase Freedom Rise Presents Foundation Forward: Episode 3 | Broderick,"Broderick's not just thinking about the present... he's thinking long term. As a recent grad, he's got two major goals: buy a home ...","{'default': {'url': 'https://i.ytimg.com/vi/MaOZZjReprw/default.jpg', 'width': 120, 'height': 90}, 'medium': {'url': 'https://i.ytimg.com/vi/MaOZZjReprw/mqdefault.jpg', 'width': 320, 'height': 180}, 'high': {'url': 'https://i.ytimg.com/vi/MaOZZjReprw/hqdefault.jpg', 'width': 480, 'height': 360}}",Earn Your Leisure,none,2025-10-07T16:00:37Z,MaOZZjReprw,"<iframe width=""480"" height=""270"" src=""//www.youtube.com/embed/MaOZZjReprw"" frameborder=""0"" allow=""accelerometer; autoplay; clipboard-write; encrypted-media; gyroscope; picture-in-picture; web-share"" referrerpolicy=""strict-origin-when-cross-origin"" allowfullscreen></iframe>",Productivity
48,2025-10-07T15:45:07Z,UC-4h1XQ47sf0vbFwJvuBhEA,Daily Quiz - What is the only African country where the desert meets the Atlantic Ocean directly?,Daily Quiz - What is the only African country where the desert meets the Atlantic Ocean directly? ‚ñ≠‚ñ≠‚ñ≠‚ñ≠‚ñ≠‚ñ≠‚ñ≠‚ñ≠‚ñ≠ The New ...,"{'default': {'url': 'https://i.ytimg.com/vi/yUClKXrXSIo/default.jpg', 'width': 120, 'height': 90}, 'medium': {'url': 'https://i.ytimg.com/vi/yUClKXrXSIo/mqdefault.jpg', 'width': 320, 'height': 180}, 'high': {'url': 'https://i.ytimg.com/vi/yUClKXrXSIo/hqdefault.jpg', 'width': 480, 'height': 360}}",The New Africa Channel,none,2025-10-07T15:45:07Z,yUClKXrXSIo,"<iframe width=""480"" height=""270"" src=""//www.youtube.com/embed/yUClKXrXSIo"" frameborder=""0"" allow=""accelerometer; autoplay; clipboard-write; encrypted-media; gyroscope; picture-in-picture; web-share"" referrerpolicy=""strict-origin-when-cross-origin"" allowfullscreen></iframe>",Current Events
13,2025-10-07T14:45:06Z,UCIxrFTHZybtTgq8X7itOAkQ,Is This Uk City Still British ? ( THIS IS BRITAIN ? ),"Is This Uk City Still British ? ( THIS IS BRITAIN ? ) in this eye-opening documentary-style video, i visit Leicester City for the very first ...","{'default': {'url': 'https://i.ytimg.com/vi/uJ-a59qGiME/default.jpg', 'width': 120, 'height': 90}, 'medium': {'url': 'https://i.ytimg.com/vi/uJ-a59qGiME/mqdefault.jpg', 'width': 320, 'height': 180}, 'high': {'url': 'https://i.ytimg.com/vi/uJ-a59qGiME/hqdefault.jpg', 'width': 480, 'height': 360}}",Blackman Da Traveller,none,2025-10-07T14:45:06Z,uJ-a59qGiME,"<iframe width=""480"" height=""270"" src=""//www.youtube.com/embed/uJ-a59qGiME"" frameborder=""0"" allow=""accelerometer; autoplay; clipboard-write; encrypted-media; gyroscope; picture-in-picture; web-share"" referrerpolicy=""strict-origin-when-cross-origin"" allowfullscreen></iframe>",Travel
52,2025-10-07T14:14:07Z,UCXyHjFIKz9D8ofxObOuYBbg,For the plot,WeNeedToTalk #BlackLove To support our ministry: https://cash.app/$wnttalk Please SUBSCRIBE for more content!,"{'default': {'url': 'https://i.ytimg.com/vi/hyH0waZ-DEY/default.jpg', 'width': 120, 'height': 90}, 'medium': {'url': 'https://i.ytimg.com/vi/hyH0waZ-DEY/mqdefault.jpg', 'width': 320, 'height': 180}, 'high': {'url': 'https://i.ytimg.com/vi/hyH0waZ-DEY/hqdefault.jpg', 'width': 480, 'height': 360}}",WeNeedToTalk,none,2025-10-07T14:14:07Z,hyH0waZ-DEY,"<iframe width=""480"" height=""270"" src=""//www.youtube.com/embed/hyH0waZ-DEY"" frameborder=""0"" allow=""accelerometer; autoplay; clipboard-write; encrypted-media; gyroscope; picture-in-picture; web-share"" referrerpolicy=""strict-origin-when-cross-origin"" allowfullscreen></iframe>",Social Issues
45,2025-10-07T14:01:11Z,UC4m46pCBkMEyy8gk26WKqbA,TONIO ARMANI IN THE TRAP  | 85 SOUTH SHOW PODCAST | 10.07.25,Subscribe To Our Streaming Service Channel 85 https://bit.ly/SubscribeToChannel85 Shop Our Merch! https://bit.ly/85Jetlife2024.,"{'default': {'url': 'https://i.ytimg.com/vi/hy5EWW_RS4Q/default.jpg', 'width': 120, 'height': 90}, 'medium': {'url': 'https://i.ytimg.com/vi/hy5EWW_RS4Q/mqdefault.jpg', 'width': 320, 'height': 180}, 'high': {'url': 'https://i.ytimg.com/vi/hy5EWW_RS4Q/hqdefault.jpg', 'width': 480, 'height': 360}}",The 85 South Comedy Show,none,2025-10-07T14:01:11Z,hy5EWW_RS4Q,"<iframe width=""480"" height=""270"" src=""//www.youtube.com/embed/hy5EWW_RS4Q"" frameborder=""0"" allow=""accelerometer; autoplay; clipboard-write; encrypted-media; gyroscope; picture-in-picture; web-share"" referrerpolicy=""strict-origin-when-cross-origin"" allowfullscreen></iframe>",Entertainment
23,2025-10-07T12:25:01Z,UCC0XWOgSBcwNstXbPX2cbpg,B0LD WHlTE Prof Delivered a  BREATHTAKING Speech on SEGREGATI0N &amp; How It Affected Black America.,"For copyright matters, takedown, or complaint please contact: historicalafrika@gmail.com In this video, I react to a breathtaking ...","{'default': {'url': 'https://i.ytimg.com/vi/Upayj2TzZDk/default.jpg', 'width': 120, 'height': 90}, 'medium': {'url': 'https://i.ytimg.com/vi/Upayj2TzZDk/mqdefault.jpg', 'width': 320, 'height': 180}, 'high': {'url': 'https://i.ytimg.com/vi/Upayj2TzZDk/hqdefault.jpg', 'width': 480, 'height': 360}}",Historical Africa,none,2025-10-07T12:25:01Z,Upayj2TzZDk,"<iframe width=""480"" height=""270"" src=""//www.youtube.com/embed/Upayj2TzZDk"" frameborder=""0"" allow=""accelerometer; autoplay; clipboard-write; encrypted-media; gyroscope; picture-in-picture; web-share"" referrerpolicy=""strict-origin-when-cross-origin"" allowfullscreen></iframe>",History
32,2025-10-07T11:52:07Z,UC4YZVeGnDXzEfjGcZG-d6oQ,Reading Through the Bible Ep 84 - Ruth 1 - Naomi and Ruth,New to streaming or looking to level up? Check out StreamYard and get $10 discount!,"{'default': {'url': 'https://i.ytimg.com/vi/GPWb1OyDNXQ/default.jpg', 'width': 120, 'height': 90}, 'medium': {'url': 'https://i.ytimg.com/vi/GPWb1OyDNXQ/mqdefault.jpg', 'width': 320, 'height': 180}, 'high': {'url': 'https://i.ytimg.com/vi/GPWb1OyDNXQ/hqdefault.jpg', 'width': 480, 'height': 360}}",meandepiphany,none,2025-10-07T11:52:07Z,GPWb1OyDNXQ,"<iframe width=""480"" height=""270"" src=""//www.youtube.com/embed/GPWb1OyDNXQ"" frameborder=""0"" allow=""accelerometer; autoplay; clipboard-write; encrypted-media; gyroscope; picture-in-picture; web-share"" referrerpolicy=""strict-origin-when-cross-origin"" allowfullscreen></iframe>",Social Issues
53,2025-10-07T10:19:30Z,UCIwGnOXoSXEI7Tooz3iKq5w,Sumerian statue has Egyptian Hieroglyphics!!! üò≥,,"{'default': {'url': 'https://i.ytimg.com/vi/hykTM84EaJg/default.jpg', 'width': 120, 'height': 90}, 'medium': {'url': 'https://i.ytimg.com/vi/hykTM84EaJg/mqdefault.jpg', 'width': 320, 'height': 180}, 'high': {'url': 'https://i.ytimg.com/vi/hykTM84EaJg/hqdefault.jpg', 'width': 480, 'height': 360}}",Without History,none,2025-10-07T10:19:30Z,hykTM84EaJg,"<iframe width=""480"" height=""270"" src=""//www.youtube.com/embed/hykTM84EaJg"" frameborder=""0"" allow=""accelerometer; autoplay; clipboard-write; encrypted-media; gyroscope; picture-in-picture; web-share"" referrerpolicy=""strict-origin-when-cross-origin"" allowfullscreen></iframe>",History
46,2025-10-07T08:07:56Z,UCLjzzg-cFWpEEjnWCOpXp3Q,What to Do When the FBI Comes Knocking - One Africa Worldview Episode 20,"It's the season finale of the One Africa Worldview Podcast, with hosts Mariah and Solyana! We're giving updates on the U.S. ...","{'default': {'url': 'https://i.ytimg.com/vi/EqWZTlHeMhI/default.jpg', 'width': 120, 'height': 90}, 'medium': {'url': 'https://i.ytimg.com/vi/EqWZTlHeMhI/mqdefault.jpg', 'width': 320, 'height': 180}, 'high': {'url': 'https://i.ytimg.com/vi/EqWZTlHeMhI/hqdefault.jpg', 'width': 480, 'height': 360}}",The Burning Spear TV,none,2025-10-07T08:07:56Z,EqWZTlHeMhI,"<iframe width=""480"" height=""270"" src=""//www.youtube.com/embed/EqWZTlHeMhI"" frameborder=""0"" allow=""accelerometer; autoplay; clipboard-write; encrypted-media; gyroscope; picture-in-picture; web-share"" referrerpolicy=""strict-origin-when-cross-origin"" allowfullscreen></iframe>",Current Events
17,2025-10-06T22:00:19Z,UCv8G-xZ_BBGufjbN6jbvLMQ,I Don&#39;t Wanna Be Crazy Anymore | Comedian Daphnique Springs | Chocolate Sundaes Stand up Comedy,Why are men always so vague? ‚Å®Daphnique Springs‚Å© has thoughts‚Äîand they're hilarious. Follow @DaphniqueSprings on ...,"{'default': {'url': 'https://i.ytimg.com/vi/Fdvib2bJ0dw/default.jpg', 'width': 120, 'height': 90}, 'medium': {'url': 'https://i.ytimg.com/vi/Fdvib2bJ0dw/mqdefault.jpg', 'width': 320, 'height': 180}, 'high': {'url': 'https://i.ytimg.com/vi/Fdvib2bJ0dw/hqdefault.jpg', 'width': 480, 'height': 360}}",Chocolate Sundaes Comedy,none,2025-10-06T22:00:19Z,Fdvib2bJ0dw,"<iframe width=""480"" height=""270"" src=""//www.youtube.com/embed/Fdvib2bJ0dw"" frameborder=""0"" allow=""accelerometer; autoplay; clipboard-write; encrypted-media; gyroscope; picture-in-picture; web-share"" referrerpolicy=""strict-origin-when-cross-origin"" allowfullscreen></iframe>",Entertainment
27,2025-10-06T17:06:49Z,UCpEf2jEfyAEbQesGgl1HOWA,"YOU WON&#39;T BELIEVE THIS 4 BEDROOM HOUSE IS IN EAST LEGON, ACCRA GHANA","livinginghana #realestate Join me on an exclusive tour of a 4 bedroom luxury house in East legon Accra, Ghana! Today, I explore ...","{'default': {'url': 'https://i.ytimg.com/vi/5yQF2AFtJbI/default.jpg', 'width': 120, 'height': 90}, 'medium': {'url': 'https://i.ytimg.com/vi/5yQF2AFtJbI/mqdefault.jpg', 'width': 320, 'height': 180}, 'high': {'url': 'https://i.ytimg.com/vi/5yQF2AFtJbI/hqdefault.jpg', 'width': 480, 'height': 360}}",Jasmine Ama,none,2025-10-06T17:06:49Z,5yQF2AFtJbI,"<iframe width=""480"" height=""270"" src=""//www.youtube.com/embed/5yQF2AFtJbI"" frameborder=""0"" allow=""accelerometer; autoplay; clipboard-write; encrypted-media; gyroscope; picture-in-picture; web-share"" referrerpolicy=""strict-origin-when-cross-origin"" allowfullscreen></iframe>",Travel
5,2025-10-05T22:00:47Z,UCJa58Tf70HC5q2oQDNBrJ2g,The Diaspora Storytelling Series | Preserving Our Memory and Cultural Heritage,"Explore how African Diaspora storytelling helps preserve our memory, culture, and heritage. This series celebrates the power of ...","{'default': {'url': 'https://i.ytimg.com/vi/eFB1fDegul0/default.jpg', 'width': 120, 'height': 90}, 'medium': {'url': 'https://i.ytimg.com/vi/eFB1fDegul0/mqdefault.jpg', 'width': 320, 'height': 180}, 'high': {'url': 'https://i.ytimg.com/vi/eFB1fDegul0/hqdefault.jpg', 'width': 480, 'height': 360}}",AClasses Media,none,2025-10-05T22:00:47Z,eFB1fDegul0,"<iframe width=""480"" height=""270"" src=""//www.youtube.com/embed/eFB1fDegul0"" frameborder=""0"" allow=""accelerometer; autoplay; clipboard-write; encrypted-media; gyroscope; picture-in-picture; web-share"" referrerpolicy=""strict-origin-when-cross-origin"" allowfullscreen></iframe>",History
3,2025-10-05T17:00:03Z,UCJmmxwdAsR7lD8fBA_qbEMw,Africa&#39;s Most Feared Warlord,"When most people hear the name Joseph Kony, their minds jump straight to that viral Kony 2012 video. It was everywhere ...","{'default': {'url': 'https://i.ytimg.com/vi/aqrwG-wq0xQ/default.jpg', 'width': 120, 'height': 90}, 'medium': {'url': 'https://i.ytimg.com/vi/aqrwG-wq0xQ/mqdefault.jpg', 'width': 320, 'height': 180}, 'high': {'url': 'https://i.ytimg.com/vi/aqrwG-wq0xQ/hqdefault.jpg', 'width': 480, 'height': 360}}",African Biographics,none,2025-10-05T17:00:03Z,aqrwG-wq0xQ,"<iframe width=""480"" height=""270"" src=""//www.youtube.com/embed/aqrwG-wq0xQ"" frameborder=""0"" allow=""accelerometer; autoplay; clipboard-write; encrypted-media; gyroscope; picture-in-picture; web-share"" referrerpolicy=""strict-origin-when-cross-origin"" allowfullscreen></iframe>",History
12,2025-10-03T23:38:44Z,UCWCreFX8bTVLJ6Y9lh6eZ5A,Why They Still FEAR Minister Louis Farrakhan (Viral Truth),We need your support! Please consider buying us a coffee to help sustain and grow our content. Your contribution directly fuels ...,"{'default': {'url': 'https://i.ytimg.com/vi/t5DerlM6kLc/default.jpg', 'width': 120, 'height': 90}, 'medium': {'url': 'https://i.ytimg.com/vi/t5DerlM6kLc/mqdefault.jpg', 'width': 320, 'height': 180}, 'high': {'url': 'https://i.ytimg.com/vi/t5DerlM6kLc/hqdefault.jpg', 'width': 480, 'height': 360}}",Black Journals,none,2025-10-03T23:38:44Z,t5DerlM6kLc,"<iframe width=""480"" height=""270"" src=""//www.youtube.com/embed/t5DerlM6kLc"" frameborder=""0"" allow=""accelerometer; autoplay; clipboard-write; encrypted-media; gyroscope; picture-in-picture; web-share"" referrerpolicy=""strict-origin-when-cross-origin"" allowfullscreen></iframe>",Social Issues
41,2025-10-03T13:00:52Z,UCDsOKnUQnQek7-G7Xc5kB8Q,"The $1,000 Photo That Made Chris Brown MILLIONS (Entrepreneur Blueprint) #543","Most fans think artists make millions from sold-out arenas‚Äîbut the truth is, the music industry is built on cuts, fees, and middlemen ...","{'default': {'url': 'https://i.ytimg.com/vi/SBkqp2zgWy0/default.jpg', 'width': 120, 'height': 90}, 'medium': {'url': 'https://i.ytimg.com/vi/SBkqp2zgWy0/mqdefault.jpg', 'width': 320, 'height': 180}, 'high': {'url': 'https://i.ytimg.com/vi/SBkqp2zgWy0/hqdefault.jpg', 'width': 480, 'height': 360}}",Social Proof,none,2025-10-03T13:00:52Z,SBkqp2zgWy0,"<iframe width=""480"" height=""270"" src=""//www.youtube.com/embed/SBkqp2zgWy0"" frameborder=""0"" allow=""accelerometer; autoplay; clipboard-write; encrypted-media; gyroscope; picture-in-picture; web-share"" referrerpolicy=""strict-origin-when-cross-origin"" allowfullscreen></iframe>",Productivity
22,2025-10-03T12:30:33Z,UCOhiR-6Y-MZtMERKRENrcRw,How an African American Attorney is treated in court has us all feeling this way.,"This channel is to bring the awareness to the world of the beautiful continent of Africa. My intentions are to show the development, ...","{'default': {'url': 'https://i.ytimg.com/vi/853TEiLjdq0/default.jpg', 'width': 120, 'height': 90}, 'medium': {'url': 'https://i.ytimg.com/vi/853TEiLjdq0/mqdefault.jpg', 'width': 320, 'height': 180}, 'high': {'url': 'https://i.ytimg.com/vi/853TEiLjdq0/hqdefault.jpg', 'width': 480, 'height': 360}}",GoBlack2Africa ,none,2025-10-03T12:30:33Z,853TEiLjdq0,"<iframe width=""480"" height=""270"" src=""//www.youtube.com/embed/853TEiLjdq0"" frameborder=""0"" allow=""accelerometer; autoplay; clipboard-write; encrypted-media; gyroscope; picture-in-picture; web-share"" referrerpolicy=""strict-origin-when-cross-origin"" allowfullscreen></iframe>",Travel
21,2025-10-03T08:00:06Z,UCF-A_4x9-bLrxXrmgBOWuJA,EFF PODCAST 92: UPDATES WITH LEBOHANG MOJAPELO,"hard-hitting discussions, and sharp analysis on the stories shaping South Africa and the world right now. From politics and ...","{'default': {'url': 'https://i.ytimg.com/vi/HwExj0AynDY/default.jpg', 'width': 120, 'height': 90}, 'medium': {'url': 'https://i.ytimg.com/vi/HwExj0AynDY/mqdefault.jpg', 'width': 320, 'height': 180}, 'high': {'url': 'https://i.ytimg.com/vi/HwExj0AynDY/hqdefault.jpg', 'width': 480, 'height': 360}}",Economic Freedom Fighters,none,2025-10-03T08:00:06Z,HwExj0AynDY,"<iframe width=""480"" height=""270"" src=""//www.youtube.com/embed/HwExj0AynDY"" frameborder=""0"" allow=""accelerometer; autoplay; clipboard-write; encrypted-media; gyroscope; picture-in-picture; web-share"" referrerpolicy=""strict-origin-when-cross-origin"" allowfullscreen></iframe>",Current Events
11,2025-10-02T21:00:42Z,UCTNr0N__QwstBhgCtvQcjhA,Rep. Jasmine Crockett SILENCES Byron Donalds: Records Wiped Clean,"Join our channel to get access to perks: https://www.youtube.com/channel/UCTNr0N__QwstBhgCtvQcjhA/join In this powerful clip, ...","{'default': {'url': 'https://i.ytimg.com/vi/bAvsf3X50os/default.jpg', 'width': 120, 'height': 90}, 'medium': {'url': 'https://i.ytimg.com/vi/bAvsf3X50os/mqdefault.jpg', 'width': 320, 'height': 180}, 'high': {'url': 'https://i.ytimg.com/vi/bAvsf3X50os/hqdefault.jpg', 'width': 480, 'height': 360}}",Black Discoveries,none,2025-10-02T21:00:42Z,bAvsf3X50os,"<iframe width=""480"" height=""270"" src=""//www.youtube.com/embed/bAvsf3X50os"" frameborder=""0"" allow=""accelerometer; autoplay; clipboard-write; encrypted-media; gyroscope; picture-in-picture; web-share"" referrerpolicy=""strict-origin-when-cross-origin"" allowfullscreen></iframe>",History
47,2025-10-02T12:20:09Z,UCjBw2SidW7wFElbmj9bgDjw,The FIRST EVER portrait of a pharaoh (...and you&#39;ve never seen it before!),,"{'default': {'url': 'https://i.ytimg.com/vi/X_OilkIvOt4/default.jpg', 'width': 120, 'height': 90}, 'medium': {'url': 'https://i.ytimg.com/vi/X_OilkIvOt4/mqdefault.jpg', 'width': 320, 'height': 180}, 'high': {'url': 'https://i.ytimg.com/vi/X_OilkIvOt4/hqdefault.jpg', 'width': 480, 'height': 360}}",The Kings Monologue,none,2025-10-02T12:20:09Z,X_OilkIvOt4,"<iframe width=""480"" height=""270"" src=""//www.youtube.com/embed/X_OilkIvOt4"" frameborder=""0"" allow=""accelerometer; autoplay; clipboard-write; encrypted-media; gyroscope; picture-in-picture; web-share"" referrerpolicy=""strict-origin-when-cross-origin"" allowfullscreen></iframe>",History
50,2025-10-02T08:38:05Z,UC2-nif4wvOqT6QVsBX3NOpA,5 Countries Under $1000/ Month,Here is a quick overview of 5 affordable countries. Feature video : https://youtu.be/Y8m1MT64yTw?si=2E4A5cQ7s16wp2In.,"{'default': {'url': 'https://i.ytimg.com/vi/AxaqnqdaBk8/default.jpg', 'width': 120, 'height': 90}, 'medium': {'url': 'https://i.ytimg.com/vi/AxaqnqdaBk8/mqdefault.jpg', 'width': 320, 'height': 180}, 'high': {'url': 'https://i.ytimg.com/vi/AxaqnqdaBk8/hqdefault.jpg', 'width': 480, 'height': 360}}",The Yarbros,none,2025-10-02T08:38:05Z,AxaqnqdaBk8,"<iframe width=""480"" height=""270"" src=""//www.youtube.com/embed/AxaqnqdaBk8"" frameborder=""0"" allow=""accelerometer; autoplay; clipboard-write; encrypted-media; gyroscope; picture-in-picture; web-share"" referrerpolicy=""strict-origin-when-cross-origin"" allowfullscreen></iframe>",Travel
42,2025-10-01T15:59:18Z,UC4lH-odQ5ll-85fkpWxDYmA,visiting Dubai to Investigate why Nigerians are banned from the UAE,in today's episode i visited Dubai in the UAE to find answers as to why Dubai shut its doors or rather is limiting Nigerians from ...,"{'default': {'url': 'https://i.ytimg.com/vi/xvijmkKJRbc/default.jpg', 'width': 120, 'height': 90}, 'medium': {'url': 'https://i.ytimg.com/vi/xvijmkKJRbc/mqdefault.jpg', 'width': 320, 'height': 180}, 'high': {'url': 'https://i.ytimg.com/vi/xvijmkKJRbc/hqdefault.jpg', 'width': 480, 'height': 360}}",Steven Ndukwu,none,2025-10-01T15:59:18Z,xvijmkKJRbc,"<iframe width=""480"" height=""270"" src=""//www.youtube.com/embed/xvijmkKJRbc"" frameborder=""0"" allow=""accelerometer; autoplay; clipboard-write; encrypted-media; gyroscope; picture-in-picture; web-share"" referrerpolicy=""strict-origin-when-cross-origin"" allowfullscreen></iframe>",Productivity
30,2025-09-29T06:03:44Z,UC1ettU5YSf_nIOJWffCKGQw,Ghana King reveals the true world map,,"{'default': {'url': 'https://i.ytimg.com/vi/QG5aHOlYIKk/default.jpg', 'width': 120, 'height': 90}, 'medium': {'url': 'https://i.ytimg.com/vi/QG5aHOlYIKk/mqdefault.jpg', 'width': 320, 'height': 180}, 'high': {'url': 'https://i.ytimg.com/vi/QG5aHOlYIKk/hqdefault.jpg', 'width': 480, 'height': 360}}",LuiSpot,none,2025-09-29T06:03:44Z,QG5aHOlYIKk,"<iframe width=""480"" height=""270"" src=""//www.youtube.com/embed/QG5aHOlYIKk"" frameborder=""0"" allow=""accelerometer; autoplay; clipboard-write; encrypted-media; gyroscope; picture-in-picture; web-share"" referrerpolicy=""strict-origin-when-cross-origin"" allowfullscreen></iframe>",Current Events
28,2025-09-27T15:41:10Z,UC__wkIWEfbnTAYVT8j6gfPg,Origins of Ancient Egypt #kemet #africanhistory #ancientegypt #history,,"{'default': {'url': 'https://i.ytimg.com/vi/6_GbuDpE_bk/default.jpg', 'width': 120, 'height': 90}, 'medium': {'url': 'https://i.ytimg.com/vi/6_GbuDpE_bk/mqdefault.jpg', 'width': 320, 'height': 180}, 'high': {'url': 'https://i.ytimg.com/vi/6_GbuDpE_bk/hqdefault.jpg', 'width': 480, 'height': 360}}",Know Thyself,none,2025-09-27T15:41:10Z,6_GbuDpE_bk,"<iframe width=""480"" height=""270"" src=""//www.youtube.com/embed/6_GbuDpE_bk"" frameborder=""0"" allow=""accelerometer; autoplay; clipboard-write; encrypted-media; gyroscope; picture-in-picture; web-share"" referrerpolicy=""strict-origin-when-cross-origin"" allowfullscreen></iframe>",History
24,2025-09-24T15:13:56Z,UC12lU5ymIvSpgl8KntDQUQA,The King Who Made The World Recognize Africa [Kickstarter Promo],Kickstarter: https://www.kickstarter.com/projects/83432348/home-team-history-presents-kings-of-africa Patreon: ...,"{'default': {'url': 'https://i.ytimg.com/vi/Dk5mEdB3x1w/default.jpg', 'width': 120, 'height': 90}, 'medium': {'url': 'https://i.ytimg.com/vi/Dk5mEdB3x1w/mqdefault.jpg', 'width': 320, 'height': 180}, 'high': {'url': 'https://i.ytimg.com/vi/Dk5mEdB3x1w/hqdefault.jpg', 'width': 480, 'height': 360}}",HomeTeam History,none,2025-09-24T15:13:56Z,Dk5mEdB3x1w,"<iframe width=""480"" height=""270"" src=""//www.youtube.com/embed/Dk5mEdB3x1w"" frameborder=""0"" allow=""accelerometer; autoplay; clipboard-write; encrypted-media; gyroscope; picture-in-picture; web-share"" referrerpolicy=""strict-origin-when-cross-origin"" allowfullscreen></iframe>",History
1,2025-09-21T15:08:50Z,UCW5NNtTSY5z5mENZ8dt-RCw,This Country Knows How To Party - PNG 50th Anniversary,"Papua New Guinea 50th anniversary. Join me in Port Moresby, the capital of Papua New Guinea, as the nation celebrates its 50th ...","{'default': {'url': 'https://i.ytimg.com/vi/kYtLe34T9mA/default.jpg', 'width': 120, 'height': 90}, 'medium': {'url': 'https://i.ytimg.com/vi/kYtLe34T9mA/mqdefault.jpg', 'width': 320, 'height': 180}, 'high': {'url': 'https://i.ytimg.com/vi/kYtLe34T9mA/hqdefault.jpg', 'width': 480, 'height': 360}}",ACE ,none,2025-09-21T15:08:50Z,kYtLe34T9mA,"<iframe width=""480"" height=""270"" src=""//www.youtube.com/embed/kYtLe34T9mA"" frameborder=""0"" allow=""accelerometer; autoplay; clipboard-write; encrypted-media; gyroscope; picture-in-picture; web-share"" referrerpolicy=""strict-origin-when-cross-origin"" allowfullscreen></iframe>",Travel
7,2025-09-01T07:52:17Z,UCbvE_5m8kmm9U58gDHtzYrA,FUT DRAFT TIME!,Afro Ballers!,"{'default': {'url': 'https://i.ytimg.com/vi/UcEVjoHa4zM/default.jpg', 'width': 120, 'height': 90}, 'medium': {'url': 'https://i.ytimg.com/vi/UcEVjoHa4zM/mqdefault.jpg', 'width': 320, 'height': 180}, 'high': {'url': 'https://i.ytimg.com/vi/UcEVjoHa4zM/hqdefault.jpg', 'width': 480, 'height': 360}}",AfroBallers,none,2025-09-01T07:52:17Z,UcEVjoHa4zM,"<iframe width=""480"" height=""270"" src=""//www.youtube.com/embed/UcEVjoHa4zM"" frameborder=""0"" allow=""accelerometer; autoplay; clipboard-write; encrypted-media; gyroscope; picture-in-picture; web-share"" referrerpolicy=""strict-origin-when-cross-origin"" allowfullscreen></iframe>",Sports
39,2025-08-15T15:01:35Z,UCCfgU1Dgpz0MzA-4vP_gRuQ,Why do African Presidents Die Overseas?,"Across Africa, a disturbing trend is emerging: presidents and political elites leaving their nations for medical treatment abroad, ...","{'default': {'url': 'https://i.ytimg.com/vi/uY20B5KH6vo/default.jpg', 'width': 120, 'height': 90}, 'medium': {'url': 'https://i.ytimg.com/vi/uY20B5KH6vo/mqdefault.jpg', 'width': 320, 'height': 180}, 'high': {'url': 'https://i.ytimg.com/vi/uY20B5KH6vo/hqdefault.jpg', 'width': 480, 'height': 360}}",Risen Africa,none,2025-08-15T15:01:35Z,uY20B5KH6vo,"<iframe width=""480"" height=""270"" src=""//www.youtube.com/embed/uY20B5KH6vo"" frameborder=""0"" allow=""accelerometer; autoplay; clipboard-write; encrypted-media; gyroscope; picture-in-picture; web-share"" referrerpolicy=""strict-origin-when-cross-origin"" allowfullscreen></iframe>",Current Events
49,2025-08-07T21:00:39Z,UCPQsrvUJzs1INc2hroy3nHw,Can you propose to a stranger using sign languages?,,"{'default': {'url': 'https://i.ytimg.com/vi/X462d95qNKs/default.jpg', 'width': 120, 'height': 90}, 'medium': {'url': 'https://i.ytimg.com/vi/X462d95qNKs/mqdefault.jpg', 'width': 320, 'height': 180}, 'high': {'url': 'https://i.ytimg.com/vi/X462d95qNKs/hqdefault.jpg', 'width': 480, 'height': 360}}",The Pan African Dating Show (The-PDS),none,2025-08-07T21:00:39Z,X462d95qNKs,"<iframe width=""480"" height=""270"" src=""//www.youtube.com/embed/X462d95qNKs"" frameborder=""0"" allow=""accelerometer; autoplay; clipboard-write; encrypted-media; gyroscope; picture-in-picture; web-share"" referrerpolicy=""strict-origin-when-cross-origin"" allowfullscreen></iframe>",Social Issues
54,2025-07-17T18:24:22Z,UClwrpH_Np9zk8uMwnMwu8Nw,"We Bought a $100,000 Apartment In Ghana üá¨üá≠",The Image of AFRICA has been DISTORTED around the WORLD & We are CHANGING the NARRATIVE via YOUTUBE videos ...,"{'default': {'url': 'https://i.ytimg.com/vi/tImUQpZzLwY/default.jpg', 'width': 120, 'height': 90}, 'medium': {'url': 'https://i.ytimg.com/vi/tImUQpZzLwY/mqdefault.jpg', 'width': 320, 'height': 180}, 'high': {'url': 'https://i.ytimg.com/vi/tImUQpZzLwY/hqdefault.jpg', 'width': 480, 'height': 360}}",WODE MAYA,none,2025-07-17T18:24:22Z,tImUQpZzLwY,"<iframe width=""480"" height=""270"" src=""//www.youtube.com/embed/tImUQpZzLwY"" frameborder=""0"" allow=""accelerometer; autoplay; clipboard-write; encrypted-media; gyroscope; picture-in-picture; web-share"" referrerpolicy=""strict-origin-when-cross-origin"" allowfullscreen></iframe>",Travel
9,2025-07-07T22:57:22Z,UCx5Y5d5KgibkG9KAyknCdFA,How the Education System Produces Sellouts,"In this powerful episode of our series on the miseducation of Black children, we confront a painful but necessary truth: the system ...","{'default': {'url': 'https://i.ytimg.com/vi/3moeyjUIf8c/default.jpg', 'width': 120, 'height': 90}, 'medium': {'url': 'https://i.ytimg.com/vi/3moeyjUIf8c/mqdefault.jpg', 'width': 320, 'height': 180}, 'high': {'url': 'https://i.ytimg.com/vi/3moeyjUIf8c/hqdefault.jpg', 'width': 480, 'height': 360}}",Afromation Digital,none,2025-07-07T22:57:22Z,3moeyjUIf8c,"<iframe width=""480"" height=""270"" src=""//www.youtube.com/embed/3moeyjUIf8c"" frameborder=""0"" allow=""accelerometer; autoplay; clipboard-write; encrypted-media; gyroscope; picture-in-picture; web-share"" referrerpolicy=""strict-origin-when-cross-origin"" allowfullscreen></iframe>",Social Issues
37,2025-06-29T14:00:07Z,UCF71yDQwxfw0QcYb2JnkB5Q,Ghana Real Estate: The Good &amp; The Bad (Scams),America feels more chaotic than ever The rising costs. The politics. The constant pressure. A lot of people are wondering if there's ...,"{'default': {'url': 'https://i.ytimg.com/vi/xMtFJz9f8LI/default.jpg', 'width': 120, 'height': 90}, 'medium': {'url': 'https://i.ytimg.com/vi/xMtFJz9f8LI/mqdefault.jpg', 'width': 320, 'height': 180}, 'high': {'url': 'https://i.ytimg.com/vi/xMtFJz9f8LI/hqdefault.jpg', 'width': 480, 'height': 360}}",PassportHeavy,none,2025-06-29T14:00:07Z,xMtFJz9f8LI,"<iframe width=""480"" height=""270"" src=""//www.youtube.com/embed/xMtFJz9f8LI"" frameborder=""0"" allow=""accelerometer; autoplay; clipboard-write; encrypted-media; gyroscope; picture-in-picture; web-share"" referrerpolicy=""strict-origin-when-cross-origin"" allowfullscreen></iframe>",Travel
34,2025-01-11T16:00:06Z,UCJH-fn0wLu5uwXX33jNToQw,Samora Machel&#39;s Struggle | How Mozambique‚Äôs Revolution Ended Portugal&#39;s Empire,"The most beautiful thing about a man's life is his freedom. He may not have any food, and he may not have any clothing, but at ...","{'default': {'url': 'https://i.ytimg.com/vi/wTwI48jN-fY/default.jpg', 'width': 120, 'height': 90}, 'medium': {'url': 'https://i.ytimg.com/vi/wTwI48jN-fY/mqdefault.jpg', 'width': 320, 'height': 180}, 'high': {'url': 'https://i.ytimg.com/vi/wTwI48jN-fY/hqdefault.jpg', 'width': 480, 'height': 360}}",NewAfrica,none,2025-01-11T16:00:06Z,wTwI48jN-fY,"<iframe width=""480"" height=""270"" src=""//www.youtube.com/embed/wTwI48jN-fY"" frameborder=""0"" allow=""accelerometer; autoplay; clipboard-write; encrypted-media; gyroscope; picture-in-picture; web-share"" referrerpolicy=""strict-origin-when-cross-origin"" allowfullscreen></iframe>",Current Events
8,2024-08-31T16:32:50Z,UC2xX2FI6s4i9xz3t9qjayhg,The San Quentin Six (1972),"A documentary on the six Black and Chicano prisoners who, following George Jackson's death, were charged on charges of ...","{'default': {'url': 'https://i.ytimg.com/vi/E-4CUaaSo4I/default.jpg', 'width': 120, 'height': 90}, 'medium': {'url': 'https://i.ytimg.com/vi/E-4CUaaSo4I/mqdefault.jpg', 'width': 320, 'height': 180}, 'high': {'url': 'https://i.ytimg.com/vi/E-4CUaaSo4I/hqdefault.jpg', 'width': 480, 'height': 360}}",AfroMarxist,none,2024-08-31T16:32:50Z,E-4CUaaSo4I,"<iframe width=""480"" height=""360"" src=""//www.youtube.com/embed/E-4CUaaSo4I"" frameborder=""0"" allow=""accelerometer; autoplay; clipboard-write; encrypted-media; gyroscope; picture-in-picture; web-share"" referrerpolicy=""strict-origin-when-cross-origin"" allowfullscreen></iframe>",History
33,2024-08-25T18:19:19Z,UCh2ANLALdN1OZUJKmvchkkg,The INSANE True Story of Cleopatra in Pop Culture | Documentary,"Cleopatra is one of the most iconic figures associated with ancient Egypt, but our perception of the queen is not correct.","{'default': {'url': 'https://i.ytimg.com/vi/dwSSQFS-OQY/default.jpg', 'width': 120, 'height': 90}, 'medium': {'url': 'https://i.ytimg.com/vi/dwSSQFS-OQY/mqdefault.jpg', 'width': 320, 'height': 180}, 'high': {'url': 'https://i.ytimg.com/vi/dwSSQFS-OQY/hqdefault.jpg', 'width': 480, 'height': 360}}",Mr. Imhotep,none,2024-08-25T18:19:19Z,dwSSQFS-OQY,"<iframe width=""480"" height=""270"" src=""//www.youtube.com/embed/dwSSQFS-OQY"" frameborder=""0"" allow=""accelerometer; autoplay; clipboard-write; encrypted-media; gyroscope; picture-in-picture; web-share"" referrerpolicy=""strict-origin-when-cross-origin"" allowfullscreen></iframe>",History
15,2024-08-25T18:00:03Z,UCMMTYgqKEgCgy1pR6Axlf0A,"Ex-model moved to Ghana to build a 5 bedroom home, set up 7 businesses and live her dream life",Our guest today left behind her 15 year career in the modelling industry to move to Ghana and start a new life here. This amazing ...,"{'default': {'url': 'https://i.ytimg.com/vi/6TMZcRoGZi4/default.jpg', 'width': 120, 'height': 90}, 'medium': {'url': 'https://i.ytimg.com/vi/6TMZcRoGZi4/mqdefault.jpg', 'width': 320, 'height': 180}, 'high': {'url': 'https://i.ytimg.com/vi/6TMZcRoGZi4/hqdefault.jpg', 'width': 480, 'height': 360}}",Build with Amoaa,none,2024-08-25T18:00:03Z,6TMZcRoGZi4,"<iframe width=""480"" height=""270"" src=""//www.youtube.com/embed/6TMZcRoGZi4"" frameborder=""0"" allow=""accelerometer; autoplay; clipboard-write; encrypted-media; gyroscope; picture-in-picture; web-share"" referrerpolicy=""strict-origin-when-cross-origin"" allowfullscreen></iframe>",Travel
6,2024-07-12T12:15:30Z,UCl6to6J7oVltnhHEVm1s87A,AFRICAN ORIGIN OF MORDEN HAIRSTYLES,theperspective #africanhistory #africanews #africax5 Traditional African hairstyles are back in fashion and making a real ...,"{'default': {'url': 'https://i.ytimg.com/vi/AGyMe_XB3mQ/default.jpg', 'width': 120, 'height': 90}, 'medium': {'url': 'https://i.ytimg.com/vi/AGyMe_XB3mQ/mqdefault.jpg', 'width': 320, 'height': 180}, 'high': {'url': 'https://i.ytimg.com/vi/AGyMe_XB3mQ/hqdefault.jpg', 'width': 480, 'height': 360}}",Africax5 Network,none,2024-07-12T12:15:30Z,AGyMe_XB3mQ,"<iframe width=""480"" height=""360"" src=""//www.youtube.com/embed/AGyMe_XB3mQ"" frameborder=""0"" allow=""accelerometer; autoplay; clipboard-write; encrypted-media; gyroscope; picture-in-picture; web-share"" referrerpolicy=""strict-origin-when-cross-origin"" allowfullscreen></iframe>",Social Issues
29,2024-07-08T12:10:25Z,UCHbmePHjGH3pklvSla6szWw,You Wouldn&#39;t Survive In Ancient Egypt | REACTION - KueliMika,Today we are reacting to the video You Wouldn't Survive In Ancient Egypt.,"{'default': {'url': 'https://i.ytimg.com/vi/qFbr17zUKYE/default.jpg', 'width': 120, 'height': 90}, 'medium': {'url': 'https://i.ytimg.com/vi/qFbr17zUKYE/mqdefault.jpg', 'width': 320, 'height': 180}, 'high': {'url': 'https://i.ytimg.com/vi/qFbr17zUKYE/hqdefault.jpg', 'width': 480, 'height': 360}}",KueliMika,none,2024-07-08T12:10:25Z,qFbr17zUKYE,"<iframe width=""480"" height=""270"" src=""//www.youtube.com/embed/qFbr17zUKYE"" frameborder=""0"" allow=""accelerometer; autoplay; clipboard-write; encrypted-media; gyroscope; picture-in-picture; web-share"" referrerpolicy=""strict-origin-when-cross-origin"" allowfullscreen></iframe>",History
2,2024-04-25T23:00:06Z,UCTTQWaoGloNuhunZevQ2F6g,"Kuubwa Transforming African Businesses: Fabric Weaver, Fish Farmers","Kuubwa Transforms African Businesses: Fish Farmers, Fabric Manufacturers and more.","{'default': {'url': 'https://i.ytimg.com/vi/gC02Wht1UQQ/default.jpg', 'width': 120, 'height': 90}, 'medium': {'url': 'https://i.ytimg.com/vi/gC02Wht1UQQ/mqdefault.jpg', 'width': 320, 'height': 180}, 'high': {'url': 'https://i.ytimg.com/vi/gC02Wht1UQQ/hqdefault.jpg', 'width': 480, 'height': 360}}",Africa Business Channel TV,none,2024-04-25T23:00:06Z,gC02Wht1UQQ,"<iframe width=""480"" height=""270"" src=""//www.youtube.com/embed/gC02Wht1UQQ"" frameborder=""0"" allow=""accelerometer; autoplay; clipboard-write; encrypted-media; gyroscope; picture-in-picture; web-share"" referrerpolicy=""strict-origin-when-cross-origin"" allowfullscreen></iframe>",Productivity
43,2024-04-11T05:04:02Z,UCuvO0y2EU_kRfYzlhGJNOKA,How Did America&#39;s Wealthy Elite Re Write World History,"The United States was supposed to be a democratically run country. However, that has not been the case since the turn of the ...","{'default': {'url': 'https://i.ytimg.com/vi/RPSnS-ucmOA/default.jpg', 'width': 120, 'height': 90}, 'medium': {'url': 'https://i.ytimg.com/vi/RPSnS-ucmOA/mqdefault.jpg', 'width': 320, 'height': 180}, 'high': {'url': 'https://i.ytimg.com/vi/RPSnS-ucmOA/hqdefault.jpg', 'width': 480, 'height': 360}}",Straight UP,none,2024-04-11T05:04:02Z,RPSnS-ucmOA,"<iframe width=""480"" height=""270"" src=""//www.youtube.com/embed/RPSnS-ucmOA"" frameborder=""0"" allow=""accelerometer; autoplay; clipboard-write; encrypted-media; gyroscope; picture-in-picture; web-share"" referrerpolicy=""strict-origin-when-cross-origin"" allowfullscreen></iframe>",History
44,2024-04-11T05:04:02Z,UCuvO0y2EU_kRfYzlhGJNOKA,How Did America&#39;s Wealthy Elite Re Write World History,"The United States was supposed to be a democratically run country. However, that has not been the case since the turn of the ...","{'default': {'url': 'https://i.ytimg.com/vi/RPSnS-ucmOA/default.jpg', 'width': 120, 'height': 90}, 'medium': {'url': 'https://i.ytimg.com/vi/RPSnS-ucmOA/mqdefault.jpg', 'width': 320, 'height': 180}, 'high': {'url': 'https://i.ytimg.com/vi/RPSnS-ucmOA/hqdefault.jpg', 'width': 480, 'height': 360}}",Straight UP,none,2024-04-11T05:04:02Z,RPSnS-ucmOA,"<iframe width=""480"" height=""270"" src=""//www.youtube.com/embed/RPSnS-ucmOA"" frameborder=""0"" allow=""accelerometer; autoplay; clipboard-write; encrypted-media; gyroscope; picture-in-picture; web-share"" referrerpolicy=""strict-origin-when-cross-origin"" allowfullscreen></iframe>",History
